# Generated by tools/gen_model_lights.py; one row per light, model path stem lowercase.
model,family,r,g,b,intensity,attenStart,attenEnd,x,y,z
world\azeroth\burningsteppes\passivedoodads\bonfire\orcbonfire,campfire,1.000,0.500,0.180,1.20,3.00,10.00,-0.291,0.029,2.746
world\azeroth\burningsteppes\passivedoodads\bonfire\orcbonfire,campfire,1.000,0.500,0.180,1.20,3.00,10.00,0.008,-0.001,0.972
world\azeroth\burningsteppes\passivedoodads\bonfire\orcbonfire_blue,campfire,0.400,0.600,1.000,1.20,3.00,10.00,0.008,-0.001,0.972
world\azeroth\burningsteppes\passivedoodads\orcburialpyres\orcstoneburialpyre,brazier,1.000,0.500,0.180,1.20,3.00,10.00,-0.043,0.016,0.765
world\azeroth\burningsteppes\passivedoodads\orcburialpyres\orcstoneburialpyrebody,brazier,1.000,0.500,0.180,1.20,3.00,10.00,-0.023,-0.192,0.858
world\azeroth\elwynn\passivedoodads\lamppost\lamppost,streetlamp,1.000,0.820,0.550,1.00,3.00,12.00,0.091,0.960,2.840
world\azeroth\karazahn\passivedoodads\burningbooks\booksonfire,fire,1.000,0.500,0.180,1.00,2.00,8.00,-0.071,-0.249,0.806
world\azeroth\karazahn\passivedoodads\chandeliers\karazanchandelier_01,chandelier,1.000,0.720,0.400,1.00,3.00,10.00,0.238,0.048,11.767
world\azeroth\karazahn\passivedoodads\chandeliers\karazanchandelier_02,chandelier,1.000,0.720,0.400,1.00,3.00,10.00,-0.019,0.755,2.271
world\azeroth\karazahn\passivedoodads\chandeliers\karazanchandelier_03,chandelier,1.000,0.720,0.400,1.00,3.00,10.00,0.250,1.341,3.726
world\azeroth\karazahn\passivedoodads\sconces\karazahnsconce01,torch,1.000,0.550,0.220,1.00,2.00,8.00,0.050,1.774,1.844
world\azeroth\karazahn\passivedoodads\sconces\karazahnsconce02,torch,1.000,0.550,0.220,1.00,2.00,8.00,0.050,1.332,2.245
world\azeroth\karazahn\passivedoodads\sconces\karazahnsconce03,torch,1.000,0.550,0.220,1.00,2.00,8.00,0.166,1.238,2.161
world\azeroth\karazahn\passivedoodads\sconces\karazahnsconce04,torch,1.000,0.550,0.220,1.00,2.00,8.00,-0.331,1.290,2.187
world\azeroth\karazahn\passivedoodads\sconces\karazahnsconce05,torch,1.000,0.550,0.220,1.00,2.00,8.00,-0.081,0.859,1.445
world\azeroth\karazahn\passivedoodads\sconces\karazahnsconce06,torch,1.000,0.550,0.220,1.00,2.00,8.00,-0.096,0.962,0.850
world\azeroth\karazahn\passivedoodads\sconces\karazahnsconce07,torch,1.000,0.550,0.220,1.00,2.00,8.00,-0.134,1.146,1.448
world\azeroth\stranglethorn\passivedoodads\diamondminewalllantern\diamondminewalllantern,lantern,1.000,0.780,0.450,0.80,2.00,7.00,0.071,-0.008,0.774
world\azeroth\westfall\passivedoodads\lampdeadmines\lampdeadmines,lantern,1.000,0.780,0.450,0.80,2.00,7.00,0.030,0.011,2.421
world\azeroth\westfall\passivedoodads\lamppost\westfalllamppost,streetlamp,1.000,0.820,0.550,1.00,3.00,12.00,-0.015,0.008,3.381
world\azeroth\westfall\passivedoodads\lamppost\westfalllamppost01,streetlamp,1.000,0.820,0.550,1.00,3.00,12.00,0.002,-0.006,3.304
world\azeroth\westfall\passivedoodads\lamppost\westfalllamppost02,streetlamp,1.000,0.820,0.550,1.00,3.00,12.00,0.019,-0.000,3.309
world\dungeon\goldmine\passivedoodads\cavelanterns\caveminelantern01,lantern,1.000,0.780,0.450,0.80,2.00,7.00,0.024,-0.030,0.766
world\dungeon\goldmine\passivedoodads\cavelanterns\caveminelantern02,lantern,1.000,0.780,0.450,0.80,2.00,7.00,0.020,-0.165,0.350
world\dungeon\goldmine\passivedoodads\cavelanterns\caveminelantern03,lantern,1.000,0.780,0.450,0.80,2.00,7.00,0.024,-0.025,0.736
world\dungeon\goldshireinn\innchandelier\innchandelier,chandelier,1.000,0.720,0.400,1.00,3.00,10.00,-0.503,0.975,-1.775
world\dungeon\goldshireinn\innchandelier\innchandelier,chandelier,1.000,0.720,0.400,1.00,3.00,10.00,-0.535,-0.957,-1.775
world\dungeon\goldshireinn\innchandelier\innchandelier,chandelier,1.000,0.720,0.400,1.00,3.00,10.00,1.148,-0.016,-1.775
world\dungeon\goldshireinn\innlantern\innlantern,lantern,1.000,0.780,0.450,0.80,2.00,7.00,0.004,0.007,-0.697
world\dungeon\sunwell\sunwell_lamps,lantern,1.000,0.780,0.450,0.80,2.00,7.00,-49.016,-52.410,7.078
world\environment\doodad\generaldoodads\nightelflanternblue\ne_lanternblue01,lantern,0.400,0.600,1.000,0.80,2.00,7.00,-0.020,0.017,-1.338
world\expansion01\doodads\arakkoa\passivedoodads\arakkoa_hut_glow\arakkoahouse_interiorglow,walllight,1.000,0.850,0.600,0.80,2.00,8.00,0.027,-0.204,40.311
world\expansion01\doodads\arakkoa\passivedoodads\arakkoa_hut_glow\arakkoahut_interiorglow,walllight,1.000,0.850,0.600,0.80,2.00,8.00,-0.719,-0.141,3.302
world\expansion01\doodads\arakkoa\passivedoodads\arakkoa_hut_glow\arakkoashack_insideglow,walllight,1.000,0.850,0.600,0.80,2.00,8.00,0.524,0.544,12.721
world\expansion01\doodads\blacktemple\passivedoodads\brazier\bt_brazier,brazier,1.000,0.500,0.180,1.20,3.00,10.00,0.000,0.000,3.004
world\expansion01\doodads\coilfang\passivedoodads\lights\coilfang_floor_light,walllight,1.000,0.850,0.600,0.80,2.00,8.00,0.019,0.006,0.725
world\expansion01\doodads\coilfang\passivedoodads\lights\coilfang_wall_light,walllight,1.000,0.850,0.600,0.80,2.00,8.00,0.019,-0.051,-0.027
world\expansion01\doodads\eversong\lamppost\be_lamppost_eversong01,streetlamp,1.000,0.820,0.550,1.00,3.00,12.00,0.773,-0.142,1.999
world\expansion01\doodads\eversong\lamppost\be_lamppost_eversong01-optimized,streetlamp,1.000,0.820,0.550,1.00,3.00,12.00,0.778,-0.095,2.032
world\expansion01\doodads\generic\ancientorc\lampost\ao_lamppost01,streetlamp,1.000,0.820,0.550,1.00,3.00,12.00,0.408,-0.047,2.265
world\expansion01\doodads\generic\ancientorc\lampost\ao_lamppost02,streetlamp,1.000,0.820,0.550,1.00,3.00,12.00,-0.003,-0.015,0.426
world\expansion01\doodads\generic\ancientorc\pyres\ao_pyre01,brazier,1.000,0.500,0.180,1.20,3.00,10.00,-0.146,-0.055,3.673
world\expansion01\doodads\generic\ancientorc\pyres\ao_pyre02,brazier,1.000,0.500,0.180,1.20,3.00,10.00,-0.249,0.109,3.658
world\expansion01\doodads\generic\arakkoa\torch\ak_torch01,torch,1.000,0.550,0.220,1.00,2.00,8.00,0.015,-0.013,3.070
world\expansion01\doodads\generic\bloodelf\candles\be_candle_01,candle,1.000,0.700,0.350,0.60,1.00,4.00,-0.012,-0.001,0.712
world\expansion01\doodads\generic\bloodelf\candles\be_candle_02,candle,1.000,0.700,0.350,0.60,1.00,4.00,0.010,0.015,0.625
world\expansion01\doodads\generic\bloodelf\candles\be_candleabra01,candle,1.000,0.700,0.350,0.60,1.00,4.00,-0.161,-0.548,4.925
world\expansion01\doodads\generic\bloodelf\candles\be_candleabra01,candle,1.000,0.700,0.350,0.60,1.00,4.00,0.008,0.319,5.471
world\expansion01\doodads\generic\bloodelf\candles\be_candleabra01,candle,1.000,0.700,0.350,0.60,1.00,4.00,0.053,0.123,4.035
world\expansion01\doodads\generic\bloodelf\chandelier\be_chandelier01,chandelier,1.000,0.720,0.400,1.00,3.00,10.00,-0.018,0.047,0.602
world\expansion01\doodads\generic\bloodelf\forge\be_forge,hearth,1.000,0.450,0.150,1.00,2.00,8.00,0.459,0.006,3.435
world\expansion01\doodads\generic\bloodelf\forge\be_forge01,hearth,1.000,0.450,0.150,1.00,2.00,8.00,3.161,-0.212,3.996
world\expansion01\doodads\generic\bloodelf\lamp\be_lamp01,lantern,1.000,0.780,0.450,0.80,2.00,7.00,-0.011,-0.006,5.777
world\expansion01\doodads\generic\bloodelf\lantern\be_lantern01,lantern,1.000,0.780,0.450,0.80,2.00,7.00,-0.015,-0.045,0.265
world\expansion01\doodads\generic\bloodelf\sconce\be_sconce01,torch,1.000,0.550,0.220,1.00,2.00,8.00,0.128,-0.004,0.714
world\expansion01\doodads\generic\bloodelf\sconce\be_sconce02,torch,1.000,0.550,0.220,1.00,2.00,8.00,1.037,-0.006,0.632
world\expansion01\doodads\generic\burninglegion\braziers\bu_brazier_01,brazier,1.000,0.500,0.180,1.20,3.00,10.00,-0.008,-0.013,1.177
world\expansion01\doodads\generic\burninglegion\crystalforge\bu_crystalforge,hearth,1.000,0.450,0.150,1.00,2.00,8.00,0.047,-0.835,1.080
world\expansion01\doodads\generic\burninglegion\crystalforge\bu_crystalforge,hearth,1.000,0.450,0.150,1.00,2.00,8.00,0.098,0.789,1.080
world\expansion01\doodads\generic\burninglegion\crystalforge\bu_crystalforge,hearth,1.000,0.450,0.150,1.00,2.00,8.00,2.292,-0.010,1.090
world\expansion01\doodads\generic\burninglegion\crystalforge\bu_crystalforgecontroller,hearth,1.000,0.450,0.150,1.00,2.00,8.00,-0.514,-0.002,2.386
world\expansion01\doodads\generic\burninglegion\tradeskill\bu_forge_01,hearth,1.000,0.450,0.150,1.00,2.00,8.00,2.161,0.074,0.686
world\expansion01\doodads\generic\draenei\blacksmith\dr_forge_01,hearth,1.000,0.450,0.150,1.00,2.00,8.00,0.009,0.031,1.011
world\expansion01\doodads\generic\draenei\brazier\dr_brazier_01,brazier,1.000,0.500,0.180,1.20,3.00,10.00,0.002,-0.001,1.423
world\expansion01\doodads\generic\draenei\brazier\dr_brazier_02,brazier,1.000,0.500,0.180,1.20,3.00,10.00,0.002,-0.001,1.364
world\expansion01\doodads\generic\draenei\brazier\dr_brazier_03,brazier,1.000,0.500,0.180,1.20,3.00,10.00,0.220,-0.001,1.106
world\expansion01\doodads\generic\draenei\chandelier\dr_chandelier_01,chandelier,1.000,0.720,0.400,1.00,3.00,10.00,-0.038,0.011,0.029
world\expansion01\doodads\generic\draenei\lampposts\dr_lamppost_01,streetlamp,1.000,0.820,0.550,1.00,3.00,12.00,-0.099,0.104,3.472
world\expansion01\doodads\generic\draenei\lampposts\dr_lamppost_02,streetlamp,1.000,0.820,0.550,1.00,3.00,12.00,0.002,0.425,3.356
world\expansion01\doodads\generic\draenei\lanterns\dr_lantern_01,lantern,1.000,0.780,0.450,0.80,2.00,7.00,-0.003,-0.004,0.773
world\expansion01\doodads\generic\ethereal\crystalforge\et_crystalforge,hearth,1.000,0.450,0.150,1.00,2.00,8.00,0.006,0.013,0.840
world\expansion01\doodads\generic\ethereal\crystalforge\et_crystalforgecontroller,hearth,1.000,0.450,0.150,1.00,2.00,8.00,0.720,0.002,1.514
world\expansion01\doodads\generic\ethereal\lamppost\et_lamppost01,streetlamp,1.000,0.820,0.550,1.00,3.00,12.00,0.002,-0.004,2.183
world\expansion01\doodads\generic\naga\torch\na_torch01,torch,1.000,0.550,0.220,1.00,2.00,8.00,-0.002,-0.035,2.754
world\expansion01\doodads\generic\ogre\fires\om_campfire_01,campfire,1.000,0.500,0.180,1.20,3.00,10.00,-0.003,0.048,0.884
world\expansion01\doodads\generic\ogre\fires\om_torch_01,torch,1.000,0.550,0.220,1.00,2.00,8.00,-0.007,0.568,1.189
world\expansion01\doodads\generic\ogre\forge\om_forge_01,hearth,1.000,0.450,0.150,1.00,2.00,8.00,0.020,1.489,1.729
world\expansion01\doodads\generic\ogre\forge\om_forge_01,hearth,1.000,0.450,0.150,1.00,2.00,8.00,0.463,0.748,0.423
world\expansion01\doodads\generic\shadowcouncil\torch\shadowcouncil_torch,torch,1.000,0.550,0.220,1.00,2.00,8.00,0.002,0.001,2.687
world\expansion01\doodads\ghostlands\lampposts\be_lamppost_ghostlands01,streetlamp,1.000,0.820,0.550,1.00,3.00,12.00,0.778,-0.095,2.032
world\expansion01\doodads\ghostlands\lampposts\be_lamppost_ghostlands02,streetlamp,1.000,0.820,0.550,1.00,3.00,12.00,0.778,-0.095,2.032
world\expansion01\doodads\hellfirecitadel\demonwing\passivedoodads\dw_braizer\hellfire_dw_floorbraizer,brazier,1.000,0.500,0.180,1.20,3.00,10.00,0.028,0.156,-4.589
world\expansion01\doodads\hellfirecitadel\demonwing\passivedoodads\dw_braizer\hellfire_dw_hangingbraizer,brazier,1.000,0.500,0.180,1.20,3.00,10.00,0.028,0.156,-4.596
world\expansion01\doodads\hellfirecitadel\demonwing\passivedoodads\lantern\hf_demonwing_lantern,lantern,1.000,0.780,0.450,0.80,2.00,7.00,-0.026,0.735,0.858
world\expansion01\doodads\hellfirecitadel\passivedoodads\braizers\hellfire_floorbraizer,brazier,1.000,0.500,0.180,1.20,3.00,10.00,0.028,0.156,-4.589
world\expansion01\doodads\hellfirecitadel\passivedoodads\braizers\hellfire_floorbraizer_purple,brazier,0.750,0.400,1.000,1.20,3.00,10.00,0.028,0.156,-4.639
world\expansion01\doodads\hellfirecitadel\passivedoodads\braizers\hellfire_hangingbraizer,brazier,1.000,0.500,0.180,1.20,3.00,10.00,0.028,0.156,-4.596
world\expansion01\doodads\hellfirecitadel\passivedoodads\braizers\hellfire_hangingbraizer_purpleflame,brazier,0.750,0.400,1.000,1.20,3.00,10.00,0.028,0.156,-4.623
world\expansion01\doodads\hellfirecitadel\passivedoodads\braizers\hellfire_standingbraizer_purple,brazier,0.750,0.400,1.000,1.20,3.00,10.00,0.028,0.156,-4.639
world\expansion01\doodads\hellfirecitadel\passivedoodads\torches\hellfire_gastorch01,torch,1.000,0.550,0.220,1.00,2.00,8.00,-0.001,-1.323,1.547
world\expansion01\doodads\hellfirepeninsula\curb\hellfirecurb_fire_01,fire,1.000,0.500,0.180,1.00,2.00,8.00,-0.049,-0.046,8.928
world\expansion01\doodads\hellfirepeninsula\curb\hellfirecurb_fire_02,fire,1.000,0.500,0.180,1.00,2.00,8.00,-0.295,0.176,9.417
world\expansion01\doodads\hellfirepeninsula\lamppost\ancient_drainei_lamppost,streetlamp,1.000,0.820,0.550,1.00,3.00,12.00,0.430,0.038,3.573
world\expansion01\doodads\shadowmoon\base\ol_lochlamppost,streetlamp,1.000,0.820,0.550,1.00,3.00,12.00,0.049,0.001,1.779
world\expansion01\doodads\shadowmoon\brazier\shadowmoonblacktemplebrazier01,brazier,1.000,0.500,0.180,1.20,3.00,10.00,0.000,0.029,-0.285
world\expansion01\doodads\shattrath\passivedoodads\lighting\ancient_d_braizer,brazier,1.000,0.500,0.180,1.20,3.00,10.00,0.103,0.148,-4.380
world\expansion01\doodads\shattrath\passivedoodads\lighting\ancient_d_braizer_blue,brazier,0.400,0.600,1.000,1.20,3.00,10.00,0.088,0.118,-4.632
world\expansion01\doodads\shattrath\passivedoodads\lighting\ancient_d_braizer_blue_lowbatch,brazier,0.400,0.600,1.000,1.20,3.00,10.00,0.152,0.124,-4.524
world\expansion01\doodads\shattrath\passivedoodads\lighting\ancient_d_braizer_red,brazier,1.000,0.300,0.200,1.20,3.00,10.00,0.088,0.118,-4.632
world\expansion01\doodads\shattrath\passivedoodads\lighting\ancient_d_sconce,torch,1.000,0.550,0.220,1.00,2.00,8.00,1.340,-0.006,1.036
world\expansion01\doodads\shattrath\passivedoodads\lighting\ancient_d_standing_light,walllight,1.000,0.850,0.600,0.80,2.00,8.00,0.004,-0.017,4.786
world\expansion01\doodads\theexodar\passivedoodads\crystals\exodar_crystal_chandelier,chandelier,1.000,0.720,0.400,1.00,3.00,10.00,73.417,-15.837,39.649
world\expansion01\doodads\theexodar\passivedoodads\light_sconces\exodar_sconce,torch,1.000,0.550,0.220,1.00,2.00,8.00,0.040,0.002,0.635
world\expansion01\doodads\theexodar\passivedoodads\light_sconces\exodar_sconce_blue,torch,0.400,0.600,1.000,1.00,2.00,8.00,-0.026,0.003,0.389
world\expansion01\doodads\theexodar\passivedoodads\light_sconces\exodar_sconce_magenta,torch,1.000,0.550,0.220,1.00,2.00,8.00,0.027,0.001,0.464
world\expansion01\doodads\zangar\lamp\zangarlamppost01,streetlamp,1.000,0.820,0.550,1.00,3.00,12.00,-0.425,1.979,3.532
world\expansion01\doodads\zulaman\doors\zulaman_torchfire,torch,1.000,0.550,0.220,1.00,2.00,8.00,0.046,0.060,0.763
world\expansion02\doodads\azjol-nerub\azjol_brazier_01,brazier,1.000,0.500,0.180,1.20,3.00,10.00,-0.000,0.004,1.952
world\expansion02\doodads\azjol-nerub\azjol_brazier_02,brazier,1.000,0.500,0.180,1.20,3.00,10.00,-0.148,0.099,3.796
world\expansion02\doodads\azjol-nerub\azjol_brazier_03,brazier,1.000,0.500,0.180,1.20,3.00,10.00,0.018,0.004,4.375
world\expansion02\doodads\azjol-nerub\azjol_brazier_04,brazier,1.000,0.500,0.180,1.20,3.00,10.00,-0.003,-0.007,4.341
world\expansion02\doodads\azjol-nerub\azjol_brazier_05,brazier,1.000,0.500,0.180,1.20,3.00,10.00,0.018,-0.001,4.320
world\expansion02\doodads\azjol-nerub\azjol_brazier_06,brazier,1.000,0.500,0.180,1.20,3.00,10.00,-0.000,0.004,1.952
world\expansion02\doodads\azjol-nerub\azjol_chandelier_01,chandelier,1.000,0.720,0.400,1.00,3.00,10.00,0.018,0.018,1.123
world\expansion02\doodads\azjol-nerub\azjol_chandelier_02,chandelier,1.000,0.720,0.400,1.00,3.00,10.00,0.018,0.018,1.123
world\expansion02\doodads\azjol-nerub\azjol_sconce_01,torch,1.000,0.550,0.220,1.00,2.00,8.00,0.060,0.000,-0.005
world\expansion02\doodads\azjol-nerub\azjol_sconce_02,torch,1.000,0.550,0.220,1.00,2.00,8.00,0.060,0.000,-0.005
world\expansion02\doodads\azjol-nerub\azjol_sconce_03,torch,1.000,0.550,0.220,1.00,2.00,8.00,0.375,0.000,-0.063
world\expansion02\doodads\azjol-nerub\azjol_sconce_04,torch,1.000,0.550,0.220,1.00,2.00,8.00,0.375,0.000,-0.063
world\expansion02\doodads\azjol-nerub\azjol_sconce_05,torch,1.000,0.550,0.220,1.00,2.00,8.00,0.060,0.000,-0.005
world\expansion02\doodads\azjol-nerub\azjol_sconce_06,torch,1.000,0.550,0.220,1.00,2.00,8.00,0.060,0.000,-0.005
world\expansion02\doodads\boreantundra\magnatauritems\snobold_candle01,candle,1.000,0.700,0.350,0.60,1.00,4.00,0.002,-0.005,0.364
world\expansion02\doodads\boreantundra\magnatauritems\snobold_candle02,candle,1.000,0.700,0.350,0.60,1.00,4.00,-0.004,-0.001,0.385
world\expansion02\doodads\boreantundra\magnatauritems\snobold_candle03,candle,1.000,0.700,0.350,0.60,1.00,4.00,-0.003,-0.004,0.227
world\expansion02\doodads\boreantundra\magnatauritems\snobold_candle04,candle,1.000,0.700,0.350,0.60,1.00,4.00,-0.026,-0.008,0.451
world\expansion02\doodads\boreantundra\magnatauritems\snobold_candle_group01,candle,1.000,0.700,0.350,0.60,1.00,4.00,0.039,0.003,0.284
world\expansion02\doodads\boreantundra\magnatauritems\snobold_candle_group02,candle,1.000,0.700,0.350,0.60,1.00,4.00,-0.008,-0.001,0.406
world\expansion02\doodads\dalaran\dalaran_chandelier01,chandelier,1.000,0.720,0.400,1.00,3.00,10.00,-0.000,-0.000,-0.571
world\expansion02\doodads\dalaran\dalaran_chandelier01_short,chandelier,1.000,0.720,0.400,1.00,3.00,10.00,-0.000,-0.000,-0.253
world\expansion02\doodads\dalaran\dalaran_chandelier02,chandelier,1.000,0.720,0.400,1.00,3.00,10.00,0.000,-0.003,-0.560
world\expansion02\doodads\dalaran\dalaran_chandelier02_short,chandelier,1.000,0.720,0.400,1.00,3.00,10.00,0.000,-0.003,-0.207
world\expansion02\doodads\dalaran\dalaran_forge,hearth,1.000,0.450,0.150,1.00,2.00,8.00,-1.014,-7.141,0.682
world\expansion02\doodads\dalaran\dalaran_forgearms,hearth,1.000,0.450,0.150,1.00,2.00,8.00,0.507,0.091,7.112
world\expansion02\doodads\dalaran\dalaran_forgesmelter,hearth,1.000,0.450,0.150,1.00,2.00,8.00,-1.167,6.762,0.620
world\expansion02\doodads\dalaran\dalaran_forgesmelter,hearth,1.000,0.450,0.150,1.00,2.00,8.00,-3.946,5.663,0.620
world\expansion02\doodads\dalaran\dalaran_forgesmelter,hearth,1.000,0.450,0.150,1.00,2.00,8.00,1.308,6.762,0.620
world\expansion02\doodads\dalaran\dalaran_forgesmelter,hearth,1.000,0.450,0.150,1.00,2.00,8.00,3.946,5.595,0.620
world\expansion02\doodads\dalaran\dalaran_sconce_indoor_01,torch,1.000,0.550,0.220,1.00,2.00,8.00,-0.010,0.004,0.685
world\expansion02\doodads\dalaran\dalaran_sconce_indoor_02,torch,1.000,0.550,0.220,1.00,2.00,8.00,0.231,0.003,1.027
world\expansion02\doodads\dalaran\dalaran_sconce_indoor_03,torch,1.000,0.550,0.220,1.00,2.00,8.00,0.016,-0.002,0.498
world\expansion02\doodads\furbolgs\fb_lamppost_darkshore_01,streetlamp,1.000,0.820,0.550,1.00,3.00,12.00,1.690,0.568,3.033
world\expansion02\doodads\furbolgs\fb_lamppost_gh_01,streetlamp,1.000,0.820,0.550,1.00,3.00,12.00,1.690,0.568,3.033
world\expansion02\doodads\generic\ancientnightelf\borean_roadlamp01,streetlamp,1.000,0.820,0.550,1.00,3.00,12.00,0.271,0.088,5.845
world\expansion02\doodads\generic\bonfire\bonfirenorthrend_01,campfire,1.000,0.500,0.180,1.20,3.00,10.00,-0.126,-0.094,0.736
world\expansion02\doodads\generic\bonfire\bonfirenorthrend_01blue,campfire,0.400,0.600,1.000,1.20,3.00,10.00,-0.126,-0.094,0.736
world\expansion02\doodads\generic\forsaken\fk_lamphanging,lantern,1.000,0.780,0.450,0.80,2.00,7.00,0.001,-0.001,3.173
world\expansion02\doodads\generic\forsaken\fk_lamppost,streetlamp,1.000,0.820,0.550,1.00,3.00,12.00,-0.014,-0.010,2.938
world\expansion02\doodads\generic\human\lamp\hu_lamp_northrend,lantern,1.000,0.780,0.450,0.80,2.00,7.00,-0.001,-0.008,2.524
world\expansion02\doodads\generic\human\lamppost\hu_lamp_arm_northrend,lantern,1.000,0.780,0.450,0.80,2.00,7.00,0.451,-0.002,3.047
world\expansion02\doodads\generic\human\lamppost\hu_lamppost_northrend,streetlamp,1.000,0.820,0.550,1.00,3.00,12.00,0.140,0.009,2.930
world\expansion02\doodads\generic\human\torch\northrendtorch_01,torch,1.000,0.550,0.220,1.00,2.00,8.00,-0.013,0.097,3.883
world\expansion02\doodads\generic\human\torch\northrendtorch_01blue,torch,0.400,0.600,1.000,1.00,2.00,8.00,-0.013,0.097,3.883
world\expansion02\doodads\generic\irondwarf\id_chandelier,chandelier,1.000,0.720,0.400,1.00,3.00,10.00,-0.008,-0.027,-0.714
world\expansion02\doodads\generic\irondwarf\id_forge,hearth,1.000,0.450,0.150,1.00,2.00,8.00,-0.069,0.712,3.305
world\expansion02\doodads\generic\irondwarf\id_lamppost,streetlamp,1.000,0.820,0.550,1.00,3.00,12.00,-0.007,0.004,3.776
world\expansion02\doodads\generic\irondwarf\id_lantern,lantern,1.000,0.780,0.450,0.80,2.00,7.00,0.003,-0.014,0.134
world\expansion02\doodads\generic\irondwarf\id_large-lantern,lantern,1.000,0.780,0.450,0.80,2.00,7.00,-0.004,-0.039,0.687
world\expansion02\doodads\generic\irondwarf\id_wall_lamp,lantern,1.000,0.780,0.450,0.80,2.00,7.00,0.845,-0.038,-0.195
world\expansion02\doodads\generic\northrend fires\northrendfreestandingtorch04_giant,torch,1.000,0.550,0.220,1.00,2.00,8.00,0.008,-0.001,0.682
world\expansion02\doodads\generic\northrend fires\northrendgeneraltorch01,torch,1.000,0.550,0.220,1.00,2.00,8.00,-0.005,-0.001,1.982
world\expansion02\doodads\generic\northrend fires\northrendgeneraltorch02,torch,1.000,0.550,0.220,1.00,2.00,8.00,-0.005,-0.001,1.982
world\expansion02\doodads\generic\northrend fires\northrendorcbonfire,campfire,1.000,0.500,0.180,1.20,3.00,10.00,-0.004,-0.084,0.483
world\expansion02\doodads\generic\northrend fires\northrendtallbraziernoomni01,brazier,1.000,0.500,0.180,1.20,3.00,10.00,0.003,-0.041,1.642
world\expansion02\doodads\generic\oracle\o_lamppost_01,streetlamp,1.000,0.820,0.550,1.00,3.00,12.00,-0.000,-0.003,2.064
world\expansion02\doodads\generic\oracle\o_lampwall_01,lantern,1.000,0.780,0.450,0.80,2.00,7.00,1.234,-0.077,0.572
world\expansion02\doodads\generic\scarletonslaught\scarleto_brazier_fire,brazier,1.000,0.500,0.180,1.20,3.00,10.00,-0.193,-0.034,1.310
world\expansion02\doodads\generic\scarletonslaught\scarleto_brazier_lit,brazier,1.000,0.500,0.180,1.20,3.00,10.00,-0.193,-0.034,1.310
world\expansion02\doodads\generic\scourge\sc_brazier1,brazier,1.000,0.500,0.180,1.20,3.00,10.00,0.111,-0.103,21.852
world\expansion02\doodads\generic\scourge\sc_brazier1_long,brazier,1.000,0.500,0.180,1.20,3.00,10.00,-0.012,0.062,75.617
world\expansion02\doodads\generic\scourge\sc_brazier1_long_orange,brazier,1.000,0.500,0.180,1.20,3.00,10.00,0.492,-0.015,75.617
world\expansion02\doodads\generic\scourge\sc_brazier2,brazier,1.000,0.500,0.180,1.20,3.00,10.00,-0.060,-0.048,3.221
world\expansion02\doodads\generic\scourge\sc_brazier2_long,brazier,1.000,0.500,0.180,1.20,3.00,10.00,0.029,0.006,75.709
world\expansion02\doodads\generic\scourge\sc_brazier2_long_orange,brazier,1.000,0.500,0.180,1.20,3.00,10.00,0.257,0.007,75.700
world\expansion02\doodads\generic\scourge\sc_brazier2_orange,brazier,1.000,0.500,0.180,1.20,3.00,10.00,0.256,-0.072,4.410
world\expansion02\doodads\generic\scourge\sc_brazier2_short,brazier,1.000,0.500,0.180,1.20,3.00,10.00,-0.255,0.062,11.699
world\expansion02\doodads\generic\scourge\sc_brazier3,brazier,1.000,0.500,0.180,1.20,3.00,10.00,0.209,-0.023,8.942
world\expansion02\doodads\generic\scourge\sc_brazier3_orange,brazier,1.000,0.500,0.180,1.20,3.00,10.00,0.337,-0.023,8.893
world\expansion02\doodads\generic\scourge\sc_runeforge_01,hearth,1.000,0.450,0.150,1.00,2.00,8.00,0.661,-0.001,2.830
world\expansion02\doodads\generic\scourge\sc_runeforge_02,hearth,1.000,0.450,0.150,1.00,2.00,8.00,-0.590,0.010,9.179
world\expansion02\doodads\generic\tuskarr\forge\ts_forge_01,hearth,1.000,0.450,0.150,1.00,2.00,8.00,-0.233,0.008,0.745
world\expansion02\doodads\generic\tuskarr\lights\ts_lantern01,lantern,1.000,0.780,0.450,0.80,2.00,7.00,0.000,0.000,0.757
world\expansion02\doodads\generic\tuskarr\lights\ts_lightpole,streetlamp,1.000,0.820,0.550,1.00,3.00,12.00,0.348,0.011,2.531
world\expansion02\doodads\generic\vrykul\brazier\vr_brazier_01,brazier,1.000,0.500,0.180,1.20,3.00,10.00,-0.005,-0.008,3.996
world\expansion02\doodads\generic\vrykul\brazier\vr_brazier_01_blue,brazier,0.400,0.600,1.000,1.20,3.00,10.00,-0.005,-0.008,3.996
world\expansion02\doodads\generic\vrykul\candles\vr_candle_stand_01,candle,1.000,0.700,0.350,0.60,1.00,4.00,0.006,0.085,4.501
world\expansion02\doodads\generic\vrykul\chandelier\vr_chandelier_01,chandelier,1.000,0.720,0.400,1.00,3.00,10.00,0.095,-0.053,3.183
world\expansion02\doodads\generic\vrykul\fires\vr_forgefire_01,hearth,1.000,0.450,0.150,1.00,2.00,8.00,-4.321,9.095,9.381
world\expansion02\doodads\generic\vrykul\lamppost\vr_lamppost_01,streetlamp,1.000,0.820,0.550,1.00,3.00,12.00,1.717,-0.002,4.908
world\expansion02\doodads\generic\vrykul\lamppost\vr_lamppost_02,streetlamp,1.000,0.820,0.550,1.00,3.00,12.00,0.341,-0.018,7.888
world\expansion02\doodads\generic\vrykul\lamppost\vr_lamppost_03,streetlamp,1.000,0.820,0.550,1.00,3.00,12.00,0.198,-0.008,8.154
world\expansion02\doodads\generic\vrykul\lamppost\vr_lamppost_snow_01,streetlamp,1.000,0.820,0.550,1.00,3.00,12.00,1.717,-0.002,4.908
world\expansion02\doodads\generic\vrykul\lamppost\vr_lamppost_snow_01blue,streetlamp,0.400,0.600,1.000,1.00,3.00,12.00,1.717,-0.002,4.908
world\expansion02\doodads\generic\vrykul\lights\vr_chandelier_purple_01,chandelier,0.750,0.400,1.000,1.00,3.00,10.00,-0.034,0.054,1.759
world\expansion02\doodads\generic\vrykul\lights\vr_standinglight_01,walllight,1.000,0.850,0.600,0.80,2.00,8.00,0.004,-0.051,5.468
world\expansion02\doodads\generic\vrykul\lights\vr_standinglight_purple_01,walllight,0.750,0.400,1.000,0.80,2.00,8.00,-0.031,-0.036,6.619
world\expansion02\doodads\generic\vrykul\lights\vr_standinglight_snow_01,walllight,1.000,0.850,0.600,0.80,2.00,8.00,0.004,-0.051,5.468
world\expansion02\doodads\generic\vrykul\lights\vr_standinglight_snow_blue_01,walllight,0.400,0.600,1.000,0.80,2.00,8.00,0.004,-0.051,5.468
world\expansion02\doodads\generic\vrykul\torch\vr_torch_01,torch,1.000,0.550,0.220,1.00,2.00,8.00,1.243,-0.012,4.243
world\expansion02\doodads\generic\vrykul\torch\vr_torch_01_blue,torch,0.400,0.600,1.000,1.00,2.00,8.00,1.243,-0.012,4.243
world\expansion02\doodads\generic\vrykul\torch\vr_torch_snow01,torch,1.000,0.550,0.220,1.00,2.00,8.00,1.243,-0.012,4.243
world\expansion02\doodads\generic\wolvar\wolvar_forge,hearth,1.000,0.450,0.150,1.00,2.00,8.00,-0.055,-0.013,0.237
world\expansion02\doodads\grizzlyhills\trappers\trapperlamppost_01,streetlamp,1.000,0.820,0.550,1.00,3.00,12.00,-0.023,-0.001,2.046
world\expansion02\doodads\icecrown\bloodprince\icecrown_bloodchandelier_01,chandelier,1.000,0.720,0.400,1.00,3.00,10.00,-0.072,-0.030,33.154
world\expansion02\doodads\icecrown\lights\icecrown_blue_fire,fire,0.400,0.600,1.000,1.00,2.00,8.00,3.613,0.047,7.991
world\expansion02\doodads\icecrown\lights\icecrown_chandelier,chandelier,1.000,0.720,0.400,1.00,3.00,10.00,0.084,-0.120,31.724
world\expansion02\doodads\icecrown\lights\icecrown_green_fire,fire,0.400,1.000,0.350,1.00,2.00,8.00,2.335,0.004,15.154
world\expansion02\doodads\icecrown\lights\icecrown_greenpillar_fire,fire,0.400,1.000,0.350,1.00,2.00,8.00,0.000,0.000,1.578
world\expansion02\doodads\icecrown\lights\icecrown_hangingbraizer_01,brazier,1.000,0.500,0.180,1.20,3.00,10.00,0.028,0.156,2.088
world\expansion02\doodads\icecrown\lights\icecrown_lablamp,lantern,1.000,0.780,0.450,0.80,2.00,7.00,-7.574,-3.828,-3.294
world\expansion02\doodads\icecrown\lights\icecrown_wallsconce_01,torch,1.000,0.550,0.220,1.00,2.00,8.00,-0.031,0.534,0.222
world\expansion02\doodads\icecrown\runeforge\icecrown_runeforge_green,hearth,0.400,1.000,0.350,1.00,2.00,8.00,-1.276,-0.036,32.275
world\expansion02\doodads\icecrown\runeforge\icecrown_runeforge_orange,hearth,1.000,0.450,0.150,1.00,2.00,8.00,-2.254,-0.036,32.530
world\expansion02\doodads\nexus\nexus_fire_conduit,fire,1.000,0.500,0.180,1.00,2.00,8.00,-0.016,10.544,8.884
world\expansion02\doodads\stratholme_past\ld_stratholmestreetlamp01,streetlamp,1.000,0.820,0.550,1.00,3.00,12.00,0.000,0.000,4.348
world\expansion02\doodads\ulduar\ul_brazier01,brazier,1.000,0.500,0.180,1.20,3.00,10.00,-0.004,-0.001,2.160
world\expansion02\doodads\ulduar\ul_chandelier,chandelier,1.000,0.720,0.400,1.00,3.00,10.00,0.009,0.042,-1.572
world\expansion02\doodads\ulduar\ul_chandelier02,chandelier,1.000,0.720,0.400,1.00,3.00,10.00,0.091,-0.000,-0.829
world\expansion02\doodads\ulduar\ul_chandelier_effects01,chandelier,1.000,0.720,0.400,1.00,3.00,10.00,-0.306,-0.209,70.198
world\expansion02\doodads\ulduar\ul_forge_iron_press,hearth,1.000,0.450,0.150,1.00,2.00,8.00,-430.087,-0.126,-25.795
world\expansion02\doodads\ulduar\ul_forge_lava,hearth,1.000,0.450,0.150,1.00,2.00,8.00,-0.352,0.011,0.861
world\expansion02\doodads\ulduar\ul_torch01,torch,1.000,0.550,0.220,1.00,2.00,8.00,-0.004,-0.001,0.570
world\expansion02\doodads\ulduar\ul_torch02,torch,1.000,0.550,0.220,1.00,2.00,8.00,-0.353,0.002,-1.165
world\expansion02\doodads\valgrade\valgrade_fire\valgarde_fire,fire,1.000,0.500,0.180,1.00,2.00,8.00,5.886,0.853,34.241
world\expansion02\doodads\wintertauren\wt_brazier_lit,brazier,1.000,0.500,0.180,1.20,3.00,10.00,0.012,0.010,5.216
world\expansion02\doodads\wintertauren\wt_lamppost01,streetlamp,1.000,0.820,0.550,1.00,3.00,12.00,-0.066,-0.002,1.014
world\expansion02\doodads\wintertauren\wt_lamppost01_wreckeda,streetlamp,1.000,0.820,0.550,1.00,3.00,12.00,0.027,-0.066,1.969
world\expansion02\doodads\wintertauren\wt_lamppost01_wreckedb,streetlamp,1.000,0.820,0.550,1.00,3.00,12.00,-0.097,-0.073,1.949
world\expansion02\doodads\wintertauren\wt_lamppost01_wreckedc,streetlamp,1.000,0.820,0.550,1.00,3.00,12.00,-0.044,0.047,1.377
world\expansion02\doodads\wintertauren\wt_lantern01,lantern,1.000,0.780,0.450,0.80,2.00,7.00,0.010,0.000,0.775
world\expansion02\doodads\wintertauren\wt_lanternhanging01,lantern,1.000,0.780,0.450,0.80,2.00,7.00,0.010,-0.002,1.580
world\expansion02\doodads\wintertauren\wt_pyre01,brazier,1.000,0.500,0.180,1.20,3.00,10.00,-0.003,0.051,2.725
world\expansion02\doodads\wintertauren\wt_pyre02,brazier,1.000,0.500,0.180,1.20,3.00,10.00,0.002,0.051,3.137
world\expansion02\doodads\zuldrak\decorations\zuldrak_brazier_01,brazier,1.000,0.500,0.180,1.20,3.00,10.00,0.001,-0.343,16.587
world\expansion02\doodads\zuldrak\decorations\zuldrak_torch_01,torch,1.000,0.550,0.220,1.00,2.00,8.00,1.319,-0.020,0.219
world\expansion02\doodads\zuldrak\decorations\zuldrak_torch_01_low,torch,1.000,0.550,0.220,1.00,2.00,8.00,1.069,0.074,2.058
world\expansion02\doodads\zuldrak\decorations\zuldrak_torch_02,torch,1.000,0.550,0.220,1.00,2.00,8.00,-0.071,0.306,0.183
world\expansion02\doodads\zuldrak\decorations\zuldrak_torch_02b,torch,1.000,0.550,0.220,1.00,2.00,8.00,-0.071,0.031,0.183
world\expansion02\doodads\zuldrak\decorations\zuldrak_torch_03,torch,1.000,0.550,0.220,1.00,2.00,8.00,0.010,-0.308,1.054
world\expansion02\doodads\zuldrak\decorations\zuldrak_torch_04,torch,1.000,0.550,0.220,1.00,2.00,8.00,1.362,0.306,0.183
world\expansion02\doodads\zuldrak\lightfx\zuldrak_blue_fire,fire,0.400,0.600,1.000,1.00,2.00,8.00,0.071,0.021,10.876
world\expansion02\doodads\zuldrak\lightfx\zuldrak_blue_fire02,fire,0.400,0.600,1.000,1.00,2.00,8.00,0.330,-0.166,8.806
world\expansion02\doodads\zuldrak\trollruins\it_brazier01,brazier,1.000,0.500,0.180,1.20,3.00,10.00,0.666,-0.726,13.447
world\expansion02\doodads\zuldrak\trollruins\it_brazier02,brazier,1.000,0.500,0.180,1.20,3.00,10.00,0.397,-0.576,6.361
world\expansion02\doodads\zuldrak\trollruins\it_brazier03,brazier,1.000,0.500,0.180,1.20,3.00,10.00,-0.166,0.037,3.555
world\expansion03\doodads\twilighthammer\magicaldevices\twilightshammer_magicaldevice_04fire,fire,1.000,0.500,0.180,1.00,2.00,8.00,0.012,-0.002,0.622
world\expansion03\doodads\twilighthammer\summoningportals\twilightshammer_summoningportal_fire01,fire,1.000,0.500,0.180,1.00,2.00,8.00,-0.170,0.071,14.448
world\exteriordesigners\zuldrak\ed_zuldrakbridge_fire,fire,1.000,0.500,0.180,1.00,2.00,8.00,0.071,0.019,8.486
world\exteriordesigners\zuldrak\ed_zuldrakbridge_fire_02,fire,1.000,0.500,0.180,1.00,2.00,8.00,-0.000,0.000,27.706
world\exteriordesigners\zuldrak\ed_zuldrakbridge_fire_03,fire,1.000,0.500,0.180,1.00,2.00,8.00,-0.928,0.531,9.208
world\generic\activedoodads\spellportals\mageportal_ironforge,hearth,1.000,0.450,0.150,1.00,2.00,8.00,0.000,0.000,1.979
world\generic\bloodelf\passive doodads\be_lantern_blue_001,lantern,0.400,0.600,1.000,0.80,2.00,7.00,0.067,-0.030,3.763
world\generic\bloodelf\passive doodads\be_lantern_red_001,lantern,1.000,0.300,0.200,0.80,2.00,7.00,0.047,-0.032,3.934
world\generic\darkirondwarf\passive doodads\lamps\darkironhanginglamp01,lantern,1.000,0.780,0.450,0.80,2.00,7.00,-0.063,-0.035,-1.414
world\generic\darkirondwarf\passive doodads\lamps\darkironhanginglamp02,lantern,1.000,0.780,0.450,0.80,2.00,7.00,-0.063,-0.035,-1.414
world\generic\dwarf\passive doodads\banners\ironforgebanner01,hearth,1.000,0.450,0.150,1.00,2.00,8.00,0.311,0.000,1.337
world\generic\dwarf\passive doodads\banners\ironforgebanner_ornate01,hearth,1.000,0.450,0.150,1.00,2.00,8.00,-0.250,0.000,5.828
world\generic\dwarf\passive doodads\banners\ironforgebannerstill,hearth,1.000,0.450,0.150,1.00,2.00,8.00,0.070,0.000,1.338
world\generic\dwarf\passive doodads\benches\ironforgebench_average01,hearth,1.000,0.450,0.150,1.00,2.00,8.00,0.000,0.000,0.335
world\generic\dwarf\passive doodads\benches\ironforgebench_ornate01,hearth,1.000,0.450,0.150,1.00,2.00,8.00,0.019,0.000,0.334
world\generic\dwarf\passive doodads\benches\ironforgebench_simple01,hearth,1.000,0.450,0.150,1.00,2.00,8.00,-0.011,0.000,0.298
world\generic\dwarf\passive doodads\braziers\dwarvenbrazier02,brazier,1.000,0.500,0.180,1.20,3.00,10.00,-0.012,0.015,0.642
world\generic\dwarf\passive doodads\braziers\stormwinddwarfbrazier,brazier,1.000,0.500,0.180,1.20,3.00,10.00,-0.002,-0.005,1.025
world\generic\dwarf\passive doodads\chairs\ironforgechair_average01,hearth,1.000,0.450,0.150,1.00,2.00,8.00,0.022,-0.000,1.445
world\generic\dwarf\passive doodads\chairs\ironforgechair_ornate01,hearth,1.000,0.450,0.150,1.00,2.00,8.00,-0.138,0.000,2.773
world\generic\dwarf\passive doodads\chairs\ironforgechair_simple01,hearth,1.000,0.450,0.150,1.00,2.00,8.00,0.000,-0.000,0.348
world\generic\dwarf\passive doodads\forgebonfire\forgebonfire,campfire,1.000,0.500,0.180,1.20,3.00,10.00,-0.008,0.036,0.384
world\generic\dwarf\passive doodads\lampposts\anvilmarlamppost,streetlamp,1.000,0.820,0.550,1.00,3.00,12.00,0.049,0.001,1.872
world\generic\dwarf\passive doodads\lampposts\lochlamppost,streetlamp,1.000,0.820,0.550,1.00,3.00,12.00,0.049,0.001,1.779
world\generic\dwarf\passive doodads\lanterns\dwarvenhanginglanternhuge,lantern,1.000,0.780,0.450,0.80,2.00,7.00,0.022,-0.006,0.046
world\generic\dwarf\passive doodads\lanterns\dwarvenhanginglanternlarge01,lantern,1.000,0.780,0.450,0.80,2.00,7.00,-0.001,-0.001,0.722
world\generic\dwarf\passive doodads\lanterns\dwarvenhanginglanternmedium01,lantern,1.000,0.780,0.450,0.80,2.00,7.00,-0.001,0.003,0.480
world\generic\dwarf\passive doodads\lanterns\dwarvenhanginglanternsmall01,lantern,1.000,0.780,0.450,0.80,2.00,7.00,-0.003,0.004,0.230
world\generic\dwarf\passive doodads\lanterns\giantlantern01,lantern,1.000,0.780,0.450,0.80,2.00,7.00,8.766,-0.009,-1.546
world\generic\dwarf\passive doodads\lanterns\ironforgehanginglantern01,hearth,1.000,0.450,0.150,1.00,2.00,8.00,0.004,0.000,-1.666
world\generic\dwarf\passive doodads\lanterns\ironforgehanginglantern_new,hearth,1.000,0.450,0.150,1.00,2.00,8.00,-0.086,-0.013,-1.098
world\generic\dwarf\passive doodads\lanterns\mediumlantern01,lantern,1.000,0.780,0.450,0.80,2.00,7.00,2.835,-0.009,-1.069
world\generic\dwarf\passive doodads\lanterns\mediumlantern02,lantern,1.000,0.780,0.450,0.80,2.00,7.00,2.835,-0.009,-1.069
world\generic\dwarf\passive doodads\lanterns\mininglamp01,lantern,1.000,0.780,0.450,0.80,2.00,7.00,0.005,-0.269,0.444
world\generic\dwarf\passive doodads\lanterns\mininglamp02,lantern,1.000,0.780,0.450,0.80,2.00,7.00,0.005,-0.269,0.444
world\generic\dwarf\passive doodads\lanterns\new_large_lantern01,lantern,1.000,0.780,0.450,0.80,2.00,7.00,0.749,-0.037,3.629
world\generic\dwarf\passive doodads\lanterns\new_medium_lantern02,lantern,1.000,0.780,0.450,0.80,2.00,7.00,-1.151,0.011,0.649
world\generic\dwarf\passive doodads\lanterns\new_small_lantern01,lantern,1.000,0.780,0.450,0.80,2.00,7.00,0.004,-0.002,1.052
world\generic\dwarf\passive doodads\lanterns\new_small_lantern02,lantern,1.000,0.780,0.450,0.80,2.00,7.00,0.004,-0.002,1.052
world\generic\dwarf\passive doodads\lanterns\smalllantern01,lantern,1.000,0.780,0.450,0.80,2.00,7.00,-0.007,-0.009,-0.555
world\generic\dwarf\passive doodads\lanterns\smalllantern02,lantern,1.000,0.780,0.450,0.80,2.00,7.00,-0.007,-0.009,-0.619
world\generic\human\passive doodads\braziers\humanbraziercorrupt,brazier,1.000,0.500,0.180,1.20,3.00,10.00,0.016,0.022,0.855
world\generic\human\passive doodads\braziers\humanbraziermagic,brazier,1.000,0.500,0.180,1.20,3.00,10.00,0.016,0.022,0.855
world\generic\human\passive doodads\braziers\stormwindbrazier01,brazier,1.000,0.500,0.180,1.20,3.00,10.00,0.029,-0.031,0.655
world\generic\human\passive doodads\candelabras\candelabratall01,candle,1.000,0.700,0.350,0.60,1.00,4.00,0.001,0.000,2.515
world\generic\human\passive doodads\candelabras\candelabratall02,candle,1.000,0.700,0.350,0.60,1.00,4.00,0.001,-0.002,3.116
world\generic\human\passive doodads\candelabras\generalcandelabra01,candle,1.000,0.700,0.350,0.60,1.00,4.00,-0.005,0.003,1.226
world\generic\human\passive doodads\hanginglanterns\generalhanginglantern01,lantern,1.000,0.780,0.450,0.80,2.00,7.00,0.000,0.000,0.503
world\generic\human\passive doodads\hanginglanterns\generalhanginglanternlong,lantern,1.000,0.780,0.450,0.80,2.00,7.00,-0.030,0.010,-2.815
world\generic\human\passive doodads\lampposts\duskwoodlamppost,greenlamp,0.450,1.000,0.720,1.20,3.00,12.00,0.091,0.960,2.840
world\generic\human\passive doodads\lamps\plaguelandslamp,lantern,1.000,0.780,0.450,0.80,2.00,7.00,-0.011,-0.088,0.644
world\generic\human\passive doodads\lamps\stormwindcanallamp01,lantern,1.000,0.780,0.450,0.80,2.00,7.00,0.000,0.000,3.626
world\generic\human\passive doodads\lamps\stormwindstreetlamp01,streetlamp,1.000,0.820,0.550,1.00,3.00,12.00,0.000,0.000,4.348
world\generic\human\passive doodads\lamps\tirisfallstreetlamp01,streetlamp,1.000,0.820,0.550,1.00,3.00,12.00,0.000,0.000,4.348
world\generic\human\passive doodads\lamps\westernplaguelandslampost01,lantern,1.000,0.780,0.450,0.80,2.00,7.00,-0.072,0.469,4.362
world\generic\human\passive doodads\lamps\westernplaguelandslampost02,lantern,1.000,0.780,0.450,0.80,2.00,7.00,0.036,-0.159,4.383
world\generic\human\passive doodads\lamps\westernplaguelandslampoststraight,lantern,1.000,0.780,0.450,0.80,2.00,7.00,0.045,-0.008,4.359
world\generic\human\passive doodads\lanterns\generallantern01,lantern,1.000,0.780,0.450,0.80,2.00,7.00,0.012,0.003,0.436
world\generic\human\passive doodads\lanterns\generallantern02,lantern,1.000,0.780,0.450,0.80,2.00,7.00,0.004,0.006,1.234
world\generic\human\passive doodads\lanterns\generallantern03,lantern,1.000,0.780,0.450,0.80,2.00,7.00,0.004,0.006,0.436
world\generic\human\passive doodads\lanterns\generallantern04,lantern,1.000,0.780,0.450,0.80,2.00,7.00,0.004,0.006,1.613
world\generic\human\passive doodads\stonepyres\stonepyre01,brazier,1.000,0.500,0.180,1.20,3.00,10.00,0.108,-0.015,4.948
world\generic\magehunter\passive doodads\brazier\mh_brazier_01,brazier,1.000,0.500,0.180,1.20,3.00,10.00,-0.000,0.008,2.140
world\generic\magehunter\passive doodads\brazier\mh_brazier_02,brazier,1.000,0.500,0.180,1.20,3.00,10.00,0.284,0.007,2.020
world\generic\nightelf\passive doodads\candles\ne_candle01,candle,1.000,0.700,0.350,0.60,1.00,4.00,0.001,0.001,0.276
world\generic\nightelf\passive doodads\candles\ne_floatingcandles,candle,1.000,0.700,0.350,0.60,1.00,4.00,0.025,0.194,0.840
world\generic\nightelf\passive doodads\lamps\darnassusstreetlamp01,streetlamp,1.000,0.820,0.550,1.00,3.00,12.00,0.014,-0.479,4.713
world\generic\nightelf\passive doodads\lamps\darnassusstreetlamp02,streetlamp,1.000,0.820,0.550,1.00,3.00,12.00,0.025,0.001,5.376
world\generic\nightelf\passive doodads\lamps\darnassuswreckedstreetlamp01,streetlamp,1.000,0.820,0.550,1.00,3.00,12.00,-0.771,0.490,3.076
world\generic\nightelf\passive doodads\lamps\darnassuswreckedstreetlamp02,streetlamp,1.000,0.820,0.550,1.00,3.00,12.00,-0.769,-1.758,2.460
world\generic\nightelf\passive doodads\lamps\kalidarstreetlamp01,streetlamp,1.000,0.820,0.550,1.00,3.00,12.00,0.025,-1.132,4.596
world\generic\nightelf\passive doodads\lamps\kalidarstreetlamp02,streetlamp,1.000,0.820,0.550,1.00,3.00,12.00,0.025,0.118,4.132
world\generic\nightelf\passive doodads\lanterns\nightelfhanginglantern,lantern,1.000,0.780,0.450,0.80,2.00,7.00,0.030,-0.058,-2.110
world\generic\nightelf\passive doodads\lanterns\nightelflantern01,lantern,1.000,0.780,0.450,0.80,2.00,7.00,0.032,0.007,0.922
world\generic\nightelf\passive doodads\lanterns\nightelflantern02,lantern,1.000,0.780,0.450,0.80,2.00,7.00,-0.161,0.090,1.086
world\generic\ogre\passive doodads\torches\ogrewalltorch,torch,1.000,0.550,0.220,1.00,2.00,8.00,-0.671,-0.000,2.042
world\generic\ogre\passive doodads\torches\ogrewalltorchblue,torch,0.400,0.600,1.000,1.00,2.00,8.00,-0.776,-0.000,2.419
world\generic\ogre\passive doodads\torches\ogrewalltorchgreen,torch,0.400,1.000,0.350,1.00,2.00,8.00,-0.741,-0.000,2.410
world\generic\ogre\passive doodads\torches\ogrewalltorchpurple,torch,0.750,0.400,1.000,1.00,2.00,8.00,-0.776,-0.000,2.419
world\generic\ogre\passive doodads\torches\ogrewalltorchred,torch,1.000,0.550,0.220,1.00,2.00,8.00,-0.715,-0.001,2.152
world\generic\orc\passive doodads\braziers\blackrockorccampfire,campfire,1.000,0.500,0.180,1.20,3.00,10.00,-0.017,0.071,0.447
world\generic\orc\passive doodads\braziers\mediumbraziernoomni01,brazier,1.000,0.500,0.180,1.20,3.00,10.00,0.006,0.021,2.284
world\generic\orc\passive doodads\braziers\mediumbrazierpurple01,brazier,0.750,0.400,1.000,1.20,3.00,10.00,0.006,0.021,2.296
world\generic\orc\passive doodads\braziers\orcbrazier_campfire01,brazier,1.000,0.500,0.180,1.20,3.00,10.00,-0.017,0.071,0.366
world\generic\orc\passive doodads\braziers\orcpvpbonfirelarge,campfire,1.000,0.500,0.180,1.20,3.00,10.00,-0.185,-0.069,2.122
world\generic\orc\passive doodads\braziers\smallbraziernoomni01,brazier,1.000,0.500,0.180,1.20,3.00,10.00,0.033,0.152,0.665
world\generic\orc\passive doodads\braziers\smallbrazierpurple01,brazier,0.750,0.400,1.000,1.20,3.00,10.00,0.033,0.152,0.665
world\generic\orc\passive doodads\braziers\smallbrazierpurplehanging,brazier,0.750,0.400,1.000,1.20,3.00,10.00,0.033,0.152,0.665
world\generic\orc\passive doodads\braziers\tallbraziernoomni01,brazier,1.000,0.500,0.180,1.20,3.00,10.00,0.006,-0.026,1.571
world\generic\orc\passive doodads\firepits\smallfirepit01,brazier,1.000,0.500,0.180,1.20,3.00,10.00,0.037,-0.032,0.800
world\generic\orc\passive doodads\lampposts\orcbrazier_lightpostbarrens,brazier,1.000,0.500,0.180,1.20,3.00,10.00,-0.062,0.286,1.244
world\generic\orc\passive doodads\lampposts\orcbrazierlamppost01,brazier,1.000,0.500,0.180,1.20,3.00,10.00,-0.100,0.210,1.516
world\generic\orc\passive doodads\lampposts\orcbrazierstreetlamp,brazier,1.000,0.500,0.180,1.20,3.00,10.00,-0.004,-0.001,0.948
world\generic\orc\passive doodads\lanterns\orchanginglantern,lantern,1.000,0.780,0.450,0.80,2.00,7.00,-0.673,-0.149,0.903
world\generic\orc\passive doodads\stonebrazier\wailingstonebrazier,brazier,1.000,0.500,0.180,1.20,3.00,10.00,0.020,-0.003,1.942
world\generic\orc\passive doodads\voodoostuff\skullcandle01,candle,1.000,0.700,0.350,0.60,1.00,4.00,-0.049,0.004,0.535
world\generic\orc\passive doodads\voodoostuff\skullcandle02,candle,1.000,0.700,0.350,0.60,1.00,4.00,0.008,0.002,0.359
world\generic\passivedoodads\lights\bigcandle,candle,1.000,0.700,0.350,0.60,1.00,4.00,-0.000,0.001,2.394
world\generic\passivedoodads\lights\candelabra01,candle,1.000,0.700,0.350,0.60,1.00,4.00,0.001,0.000,0.503
world\generic\passivedoodads\lights\candelabra02,candle,1.000,0.700,0.350,0.60,1.00,4.00,0.001,0.008,0.534
world\generic\passivedoodads\lights\candelabratallwall01,candle,1.000,0.700,0.350,0.60,1.00,4.00,0.008,-0.003,3.007
world\generic\passivedoodads\lights\candelabratallwall02,candle,1.000,0.700,0.350,0.60,1.00,4.00,0.006,-0.001,3.626
world\generic\passivedoodads\lights\candle01,candle,1.000,0.700,0.350,0.60,1.00,4.00,-0.003,0.004,0.535
world\generic\passivedoodads\lights\candle02,candle,1.000,0.700,0.350,0.60,1.00,4.00,-0.003,-0.001,0.440
world\generic\passivedoodads\lights\candle03,candle,1.000,0.700,0.350,0.60,1.00,4.00,-0.003,-0.001,0.440
world\generic\passivedoodads\lights\candleblack01,candle,1.000,0.700,0.350,0.60,1.00,4.00,-0.003,-0.001,0.579
world\generic\passivedoodads\lights\chandelier01,chandelier,1.000,0.720,0.400,1.00,3.00,10.00,0.103,0.061,1.229
world\generic\passivedoodads\lights\freestandingtorch01,torch,1.000,0.550,0.220,1.00,2.00,8.00,0.009,-0.007,2.053
world\generic\passivedoodads\lights\freestandingtorch02,torch,1.000,0.550,0.220,1.00,2.00,8.00,-0.005,-0.001,1.770
world\generic\passivedoodads\lights\freestandingtorch04_giant,torch,1.000,0.550,0.220,1.00,2.00,8.00,0.008,-0.001,0.729
world\generic\passivedoodads\lights\freestandingtorch04_huge,torch,1.000,0.550,0.220,1.00,2.00,8.00,0.003,-0.004,1.979
world\generic\passivedoodads\lights\freestandingtorch04_hugeblue,torch,0.400,0.600,1.000,1.00,2.00,8.00,-0.049,-0.000,1.970
world\generic\passivedoodads\lights\generaltorch01,torch,1.000,0.550,0.220,1.00,2.00,8.00,0.017,-0.014,2.080
world\generic\passivedoodads\lights\generaltorch02,torch,1.000,0.550,0.220,1.00,2.00,8.00,0.017,-0.014,1.501
world\generic\passivedoodads\lights\torch,torch,1.000,0.550,0.220,1.00,2.00,8.00,-0.008,-0.001,0.755
world\generic\passivedoodads\lights\torch_out,torch,1.000,0.550,0.220,1.00,2.00,8.00,-0.095,-0.001,1.008
world\generic\passivedoodads\lunarnewyear\lunarnewyearlantern_alliance_hanging,lantern,1.000,0.780,0.450,0.80,2.00,7.00,-0.009,-0.019,0.043
world\generic\passivedoodads\lunarnewyear\lunarnewyearlantern_alliance_standing,lantern,1.000,0.780,0.450,0.80,2.00,7.00,0.001,-0.911,4.410
world\generic\passivedoodads\lunarnewyear\lunarnewyearlantern_horde_hanging,lantern,1.000,0.780,0.450,0.80,2.00,7.00,0.000,-0.004,-1.182
world\generic\passivedoodads\lunarnewyear\lunarnewyearlantern_horde_standing,lantern,1.000,0.780,0.450,0.80,2.00,7.00,0.000,-0.494,5.141
world\generic\passivedoodads\oktoberfest\beerfest_brazier_02,brazier,1.000,0.500,0.180,1.20,3.00,10.00,0.001,-0.000,0.632
world\generic\passivedoodads\oktoberfest\beerfest_brazier_03,brazier,1.000,0.500,0.180,1.20,3.00,10.00,0.006,-0.001,0.328
world\generic\passivedoodads\particleemitters\sunkenflame01,fire,1.000,0.500,0.180,1.00,2.00,8.00,0.008,-0.001,0.121
world\generic\passivedoodads\ships\shipanimation\vrykul_flame_particle,fire,1.000,0.500,0.180,1.00,2.00,8.00,0.012,-0.000,7.079
world\generic\passivedoodads\summerfestival\summerfest_bonfire_base_01,campfire,1.000,0.500,0.180,1.20,3.00,10.00,-0.023,-0.043,4.390
world\generic\passivedoodads\summerfestival\summerfest_bonfire_large01,campfire,1.000,0.500,0.180,1.20,3.00,10.00,0.037,0.008,0.897
world\generic\passivedoodads\summerfestival\summerfest_bonfire_large01,campfire,1.000,0.500,0.180,1.20,3.00,10.00,0.041,0.040,3.637
world\generic\passivedoodads\summerfestival\summerfest_bonfire_large02,campfire,1.000,0.500,0.180,1.20,3.00,10.00,0.035,-0.032,0.900
world\generic\passivedoodads\summerfestival\summerfest_bonfire_large02,campfire,1.000,0.500,0.180,1.20,3.00,10.00,0.041,-0.083,3.637
world\generic\passivedoodads\summerfestival\summerfest_bonfire_large03,campfire,1.000,0.500,0.180,1.20,3.00,10.00,0.033,-0.054,0.889
world\generic\passivedoodads\summerfestival\summerfest_bonfire_large03,campfire,1.000,0.500,0.180,1.20,3.00,10.00,0.041,0.021,3.637
world\generic\passivedoodads\summerfestival\summerfest_bonfire_large04,campfire,1.000,0.500,0.180,1.20,3.00,10.00,0.035,-0.019,0.900
world\generic\passivedoodads\summerfestival\summerfest_bonfire_large04,campfire,1.000,0.500,0.180,1.20,3.00,10.00,0.041,-0.048,3.637
world\generic\passivedoodads\summerfestival\summerfest_bonfire_on,campfire,1.000,0.500,0.180,1.20,3.00,10.00,0.033,-0.015,0.897
world\generic\passivedoodads\summerfestival\summerfest_bonfire_on,campfire,1.000,0.500,0.180,1.20,3.00,10.00,0.040,0.044,3.736
world\generic\passivedoodads\summerfestival\summerfest_bonfire_small01,campfire,1.000,0.500,0.180,1.20,3.00,10.00,0.018,0.017,0.217
world\generic\passivedoodads\summerfestival\summerfest_bonfire_small02,campfire,1.000,0.500,0.180,1.20,3.00,10.00,0.018,0.003,0.217
world\generic\passivedoodads\summerfestival\summerfest_bonfire_small03,campfire,1.000,0.500,0.180,1.20,3.00,10.00,0.018,0.015,0.217
world\generic\passivedoodads\summerfestival\summerfest_bonfire_small04,campfire,1.000,0.500,0.180,1.20,3.00,10.00,0.018,-0.004,0.217
world\generic\passivedoodads\summerfestival\summerfest_brazier_01,brazier,1.000,0.500,0.180,1.20,3.00,10.00,0.005,0.018,1.579
world\generic\passivedoodads\summerfestival\summerfest_brazier_02,brazier,1.000,0.500,0.180,1.20,3.00,10.00,0.014,-0.001,0.784
world\generic\passivedoodads\summerfestival\summerfest_brazier_03,brazier,1.000,0.500,0.180,1.20,3.00,10.00,0.000,0.001,0.381
world\generic\passivedoodads\summerfestival\summerfest_candle_01,candle,1.000,0.700,0.350,0.60,1.00,4.00,0.025,-0.003,0.332
world\generic\passivedoodads\summerfestival\summerfest_candle_02,candle,1.000,0.700,0.350,0.60,1.00,4.00,0.025,-0.003,0.332
world\generic\passivedoodads\valentinesday\valentinescandle,candle,1.000,0.700,0.350,0.60,1.00,4.00,0.000,0.000,0.362
world\generic\tauren\passive doodads\funeralpyres\funeralpyre02,brazier,1.000,0.500,0.180,1.20,3.00,10.00,-0.146,-0.049,3.674
world\generic\tauren\passive doodads\kilns\taurenkiln01,hearth,1.000,0.450,0.150,1.00,2.00,8.00,0.476,0.035,6.437
world\generic\tauren\passive doodads\lampposts\taurenlamppost,streetlamp,1.000,0.820,0.550,1.00,3.00,12.00,0.089,-1.021,0.280
world\generic\tauren\passive doodads\lampposts\taurenlamppost02,streetlamp,1.000,0.820,0.550,1.00,3.00,12.00,0.003,-0.017,2.077
world\generic\undead\passive doodads\lordaeronbrazier\lordaeronbrazier01,brazier,1.000,0.500,0.180,1.20,3.00,10.00,-0.016,-0.062,0.542
world\generic\undead\passive doodads\undercity torches\undead_torch01,torch,1.000,0.550,0.220,1.00,2.00,8.00,0.001,-2.040,6.407
world\generic\undead\passive doodads\undercity torches\undead_torch02,torch,1.000,0.550,0.220,1.00,2.00,8.00,-0.017,-1.963,0.001
world\generic\undead\passive doodads\undercitychandeliers\undeadchandelier01,chandelier,1.000,0.720,0.400,1.00,3.00,10.00,0.043,-0.502,75.851
world\generic\undead\passive doodads\undercitychandeliers\undeadchandelier02,chandelier,1.000,0.720,0.400,1.00,3.00,10.00,-0.017,-0.149,19.289
world\generic\undead\passive doodads\undercitylanterns\undeadhanginglantern01,lantern,1.000,0.780,0.450,0.80,2.00,7.00,-0.006,-0.012,75.764
world\goober\g_bonfire,campfire,1.000,0.500,0.180,1.20,3.00,10.00,-0.291,0.029,2.746
world\goober\g_bonfire,campfire,1.000,0.500,0.180,1.20,3.00,10.00,0.008,-0.001,0.972
world\goober\g_brazier01,brazier,1.000,0.500,0.180,1.20,3.00,10.00,0.029,-0.031,0.655
world\goober\g_brazierorcblue,brazier,0.400,0.600,1.000,1.20,3.00,10.00,0.033,0.152,0.665
world\goober\g_brazierorcgreen,brazier,0.400,1.000,0.350,1.20,3.00,10.00,0.033,0.152,0.665
world\goober\g_brazierorcpurple,brazier,0.750,0.400,1.000,1.20,3.00,10.00,0.033,0.152,0.665
world\goober\g_brazierorcred,brazier,1.000,0.500,0.180,1.20,3.00,10.00,0.033,0.152,0.665
world\goober\g_braziertroll,brazier,1.000,0.500,0.180,1.20,3.00,10.00,0.019,-0.035,0.971
world\goober\g_epicbrazierblue,brazier,0.400,0.600,1.000,1.20,3.00,10.00,0.003,-0.015,0.625
world\goober\g_epicbrazieryellow,brazier,1.000,0.900,0.400,1.20,3.00,10.00,0.003,-0.015,0.625
world\goober\g_torch01,torch,1.000,0.550,0.220,1.00,2.00,8.00,0.017,-0.014,2.080
world\goober\g_torchlever,torch,1.000,0.550,0.220,1.00,2.00,8.00,-0.008,-0.001,0.755
world\kalimdor\barrens\passivedoodads\lampposts\barrenslamppost01,streetlamp,1.000,0.820,0.550,1.00,3.00,12.00,0.051,-0.002,1.191
world\kalimdor\blackfathom\passivedoodads\braziers\bfd_nagabrazier,brazier,1.000,0.500,0.180,1.20,3.00,10.00,0.007,0.003,0.241
world\kalimdor\blackfathom\passivedoodads\lights\bfd_walllight01,walllight,1.000,0.850,0.600,0.80,2.00,8.00,0.000,0.093,0.895
world\kalimdor\blackfathom\passivedoodads\lights\bfd_walllight03,walllight,1.000,0.850,0.600,0.80,2.00,8.00,0.003,0.165,0.830
world\kalimdor\blackfathom\passivedoodads\lights\bfd_walllight04,walllight,1.000,0.850,0.600,0.80,2.00,8.00,0.000,0.093,0.895
world\kalimdor\blackfathom\passivedoodads\lights\bfd_walllight05,walllight,1.000,0.850,0.600,0.80,2.00,8.00,0.000,0.093,0.895
world\kalimdor\blackfathom\passivedoodads\lights\bfd_walllight06,walllight,1.000,0.850,0.600,0.80,2.00,8.00,0.000,0.093,0.895
world\kalimdor\blackfathom\passivedoodads\lights\bfd_walllight07,walllight,1.000,0.850,0.600,0.80,2.00,8.00,0.000,0.093,0.895
world\kalimdor\blackfathom\passivedoodads\lights\bfd_walltorch01,torch,1.000,0.550,0.220,1.00,2.00,8.00,-0.025,-0.031,0.895
world\kalimdor\darkshore\passivedoodads\lamp\darkstreetlamp,streetlamp,1.000,0.820,0.550,1.00,3.00,12.00,-0.250,-0.690,4.114
world\kalimdor\darkshore\passivedoodads\lamp\darkstreetlamp02,streetlamp,1.000,0.820,0.550,1.00,3.00,12.00,-0.221,-0.751,4.138
world\kalimdor\diremaul\activedoodads\nightmaresummoning\nightmarecandle,candle,1.000,0.700,0.350,0.60,1.00,4.00,0.002,-0.000,1.416
world\kalimdor\diremaul\passivedoodads\ogrecampfires\ogrecampfire01,campfire,1.000,0.500,0.180,1.20,3.00,10.00,-0.075,0.296,0.926
world\kalimdor\dragoncave\passivedoodads\charredbodies\dragonfirecharmark01,fire,1.000,0.500,0.180,1.00,2.00,8.00,0.630,1.380,6.262
world\kalimdor\dragoncave\passivedoodads\charredbodies\dragonfirecharmark02,fire,1.000,0.500,0.180,1.00,2.00,8.00,0.830,2.063,1.426
world\kalimdor\felwood\passivedoodads\lamp\felwoodlamp01,lantern,1.000,0.780,0.450,0.80,2.00,7.00,0.025,0.145,4.132
world\kalimdor\mauradon\passivedoodads\bridgebraziers\bridgebrazierblue01,brazier,0.400,0.600,1.000,1.20,3.00,10.00,0.002,-0.001,0.960
world\kalimdor\mauradon\passivedoodads\bridgebraziers\bridgebraziergreen01,brazier,0.400,1.000,0.350,1.20,3.00,10.00,0.002,-0.001,0.987
world\kalimdor\mauradon\passivedoodads\bridgebraziers\bridgebrazierpurple01,brazier,0.750,0.400,1.000,1.20,3.00,10.00,0.002,-0.001,0.938
world\kalimdor\mauradon\passivedoodads\centaurbraziers\centaurbrazierred01,brazier,1.000,0.500,0.180,1.20,3.00,10.00,0.002,-0.002,0.872
world\kalimdor\mauradon\passivedoodads\satyrfloorbraziers\satyrfloorbrazierblue01,brazier,0.400,0.600,1.000,1.20,3.00,10.00,0.010,-0.308,2.439
world\kalimdor\mauradon\passivedoodads\satyrfloorbraziers\satyrfloorbraziergreen01,brazier,0.400,1.000,0.350,1.20,3.00,10.00,0.010,-0.260,2.439
world\kalimdor\mauradon\passivedoodads\satyrfloorbraziers\satyrfloorbrazierpurple01,brazier,0.750,0.400,1.000,1.20,3.00,10.00,0.010,-0.260,2.439
world\kalimdor\mauradon\passivedoodads\satyrhangingbraziers\satyrhangingbrazierblue01,brazier,0.400,0.600,1.000,1.20,3.00,10.00,0.002,-0.063,1.039
world\kalimdor\mauradon\passivedoodads\satyrhangingbraziers\satyrhangingbrazierblue02,brazier,0.400,0.600,1.000,1.20,3.00,10.00,0.002,-0.063,1.039
world\kalimdor\mauradon\passivedoodads\satyrhangingbraziers\satyrhangingbrazierpurple01,brazier,0.750,0.400,1.000,1.20,3.00,10.00,0.002,-0.063,1.039
world\kalimdor\mulgore\passivedoodads\funeralpyres\funeralpyre01,brazier,1.000,0.500,0.180,1.20,3.00,10.00,-0.136,-0.732,2.710
world\kalimdor\orgrimmar\passivedoodads\orgrimmarbonfire\orgrimmarbonfire01,campfire,1.000,0.500,0.180,1.20,3.00,10.00,-0.111,-0.115,0.742
world\kalimdor\silithus\passivedoodads\ahnqiraj\torch\ahnqirajwalltorch01,torch,1.000,0.550,0.220,1.00,2.00,8.00,-0.008,-0.027,0.874
world\kalimdor\silithus\passivedoodads\ahnqirajsconces\ahnqirajsconce01,torch,1.000,0.550,0.220,1.00,2.00,8.00,0.084,0.045,4.956
world\kalimdor\silithus\passivedoodads\ahnqirajsconces\ahnqirajsconce02,torch,1.000,0.550,0.220,1.00,2.00,8.00,0.548,0.682,4.043
world\kalimdor\silithus\passivedoodads\ahnqirajsconces\ahnqirajsconce03,torch,1.000,0.550,0.220,1.00,2.00,8.00,0.112,-0.042,5.000
world\kalimdor\silithus\passivedoodads\ahnqirajsconces\ahnqirajsconce04,torch,1.000,0.550,0.220,1.00,2.00,8.00,0.132,-0.052,4.024
world\khazmodan\blackrock\activedoodads\anvil\darkironforge,hearth,1.000,0.450,0.150,1.00,2.00,8.00,-4.341,6.506,5.705
world\khazmodan\blackrock\activedoodads\darkironbrazier\darkironbrazier,brazier,1.000,0.500,0.180,1.20,3.00,10.00,0.039,-0.011,1.375
world\khazmodan\ironforge\passivedoodads\bush\ironforgeangledbush01,hearth,1.000,0.450,0.150,1.00,2.00,8.00,-0.002,0.846,1.801
world\khazmodan\ironforge\passivedoodads\bush\ironforgebush01,hearth,1.000,0.450,0.150,1.00,2.00,8.00,0.023,0.149,3.914
world\khazmodan\ironforge\passivedoodads\bush\ironforgesnowybush02,hearth,1.000,0.450,0.150,1.00,2.00,8.00,0.003,0.546,1.427
world\khazmodan\ironforge\passivedoodads\elevators\ironforgeelevator,hearth,1.000,0.450,0.150,1.00,2.00,8.00,0.000,0.000,4.430
world\khazmodan\ironforge\passivedoodads\elevators\ironforgeelevatordoor,hearth,1.000,0.450,0.150,1.00,2.00,8.00,0.000,0.000,5.163
world\khazmodan\ironforge\passivedoodads\elevators\ironforgehouseelevator,hearth,1.000,0.450,0.150,1.00,2.00,8.00,0.000,0.000,0.245
world\khazmodan\ironforge\passivedoodads\lavasteam\forgelavaa,hearth,1.000,0.450,0.150,1.00,2.00,8.00,-0.193,0.009,0.230
world\khazmodan\ironforge\passivedoodads\lavasteam\forgelavab,hearth,1.000,0.450,0.150,1.00,2.00,8.00,0.021,0.589,0.395
world\khazmodan\ironforge\passivedoodads\lavasteam\forgelavab,hearth,1.000,0.450,0.150,1.00,2.00,8.00,3.966,0.589,0.395
world\khazmodan\ironforge\passivedoodads\lavasteam\ironforgebellow,hearth,1.000,0.450,0.150,1.00,2.00,8.00,-0.000,0.000,10.028
world\khazmodan\ironforge\passivedoodads\lavasteam\ironforgepiston,hearth,1.000,0.450,0.150,1.00,2.00,8.00,1.540,-5.028,72.501
world\khazmodan\ironforge\passivedoodads\lavasteam\ironforgewheel,hearth,1.000,0.450,0.150,1.00,2.00,8.00,-0.075,0.002,6.962
world\khazmodan\ironforge\passivedoodads\rocks\ironforgecliff01,hearth,1.000,0.450,0.150,1.00,2.00,8.00,-0.867,2.293,6.719
world\khazmodan\ironforge\passivedoodads\rocks\ironforgecliff02,hearth,1.000,0.450,0.150,1.00,2.00,8.00,-0.522,1.861,5.482
world\khazmodan\ironforge\passivedoodads\rocks\ironforgecliff03,hearth,1.000,0.450,0.150,1.00,2.00,8.00,-0.515,1.058,2.851
world\khazmodan\ironforge\passivedoodads\rocks\ironforgecliff04,hearth,1.000,0.450,0.150,1.00,2.00,8.00,1.207,-0.435,2.293
world\khazmodan\ironforge\passivedoodads\signposts\ironforgesignpost,hearth,1.000,0.450,0.150,1.00,2.00,8.00,0.020,0.007,5.122
world\khazmodan\ironforge\passivedoodads\signposts\ironforgesignpostpointer,hearth,1.000,0.450,0.150,1.00,2.00,8.00,-0.018,-0.576,0.249
world\khazmodan\ironforge\passivedoodads\statues\ironforgestatue_01,hearth,1.000,0.450,0.150,1.00,2.00,8.00,2.444,-1.996,35.500
world\khazmodan\ironforge\passivedoodads\steamtank\ironforgesteamtank,hearth,1.000,0.450,0.150,1.00,2.00,8.00,1.787,0.034,7.919
world\khazmodan\ironforge\passivedoodads\steamtank\ironforgesteamtankdrag,hearth,1.000,0.450,0.150,1.00,2.00,8.00,2.060,-0.018,8.015
world\khazmodan\ironforge\passivedoodads\steamtank\ironforgesteamtankwolf,hearth,1.000,0.450,0.150,1.00,2.00,8.00,2.251,0.017,7.919
world\khazmodan\ironforge\passivedoodads\throneroom\ironforgecrystalroof,hearth,1.000,0.450,0.150,1.00,2.00,8.00,-8.751,-6.154,-0.850
world\khazmodan\ironforge\passivedoodads\trees\ironforgepine01,hearth,1.000,0.450,0.150,1.00,2.00,8.00,-0.259,0.628,46.176
world\khazmodan\ironforge\passivedoodads\trees\ironforgepine02,hearth,1.000,0.450,0.150,1.00,2.00,8.00,0.110,0.646,35.373
world\khazmodan\ironforge\passivedoodads\trees\ironforgesnowtree01,hearth,1.000,0.450,0.150,1.00,2.00,8.00,-0.014,0.192,14.404
world\khazmodan\ironforge\passivedoodads\trees\ironforgetree01,hearth,1.000,0.450,0.150,1.00,2.00,8.00,0.000,3.312,16.892
world\khazmodan\ironforge\passivedoodads\trees\ironforgetree02,hearth,1.000,0.450,0.150,1.00,2.00,8.00,-0.045,0.067,36.180
world\khazmodan\ironforge\passivedoodads\trees\ironforgetree03,hearth,1.000,0.450,0.150,1.00,2.00,8.00,0.000,0.000,36.261
world\khazmodan\ironforge\passivedoodads\trees\ironforgetree04,hearth,1.000,0.450,0.150,1.00,2.00,8.00,0.140,-0.450,43.761
world\khazmodan\uldaman\passivedoodads\braziers\uldamanbrazier01,brazier,1.000,0.500,0.180,1.20,3.00,10.00,-0.059,0.108,2.375
world\khazmodan\uldaman\passivedoodads\lamps\uldamanlamp,lantern,1.000,0.780,0.450,0.80,2.00,7.00,0.237,0.084,6.471
world\khazmodan\uldaman\passivedoodads\lamps\uldamanlampandpost,lantern,1.000,0.780,0.450,0.80,2.00,7.00,-0.018,0.030,7.843
world\khazmodan\uldaman\passivedoodads\lamps\uldamanlampfallen,lantern,1.000,0.780,0.450,0.80,2.00,7.00,0.046,0.003,2.667
world\khazmodan\uldaman\passivedoodads\lamps\uldamanlantern,lantern,1.000,0.780,0.450,0.80,2.00,7.00,-0.225,-0.020,12.999
world\lordaeron\scholomance\passivedoodads\brazier\scholomancebrazier01green,brazier,0.400,1.000,0.350,1.20,3.00,10.00,0.002,0.004,1.807
world\lordaeron\scholomance\passivedoodads\brazier\scholomancebrazier01orange,brazier,1.000,0.500,0.180,1.20,3.00,10.00,0.002,0.004,1.811
world\lordaeron\scholomance\passivedoodads\brazier\scholomancebrazier01purple,brazier,0.750,0.400,1.000,1.20,3.00,10.00,0.002,0.006,1.812
world\lordaeron\scholomance\passivedoodads\candles\floorcandlescorner01,candle,1.000,0.700,0.350,0.60,1.00,4.00,-0.118,0.032,4.032
world\lordaeron\scholomance\passivedoodads\candles\floorcandlescorner01green,candle,0.400,1.000,0.350,0.60,1.00,4.00,-0.118,0.032,4.032
world\lordaeron\scholomance\passivedoodads\candles\floorcandlescorner01red,candle,1.000,0.700,0.350,0.60,1.00,4.00,-0.118,0.032,4.032
world\lordaeron\scholomance\passivedoodads\candles\floorcandlesstraight02,candle,1.000,0.700,0.350,0.60,1.00,4.00,-0.250,2.084,1.790
world\lordaeron\scholomance\passivedoodads\candles\floorcandlesstraight02,candle,1.000,0.700,0.350,0.60,1.00,4.00,-0.253,0.630,1.751
world\lordaeron\scholomance\passivedoodads\candles\floorcandlesstraight02,candle,1.000,0.700,0.350,0.60,1.00,4.00,-0.312,-1.122,1.909
world\lordaeron\scholomance\passivedoodads\candles\floorcandlesstraight02green,candle,0.400,1.000,0.350,0.60,1.00,4.00,-0.250,2.084,1.790
world\lordaeron\scholomance\passivedoodads\candles\floorcandlesstraight02green,candle,0.400,1.000,0.350,0.60,1.00,4.00,-0.263,0.603,1.771
world\lordaeron\scholomance\passivedoodads\candles\floorcandlesstraight02green,candle,0.400,1.000,0.350,0.60,1.00,4.00,-0.312,-1.122,1.909
world\lordaeron\scholomance\passivedoodads\candles\floorcandlesstraight02red,candle,1.000,0.700,0.350,0.60,1.00,4.00,-0.250,2.084,1.790
world\lordaeron\scholomance\passivedoodads\candles\floorcandlesstraight02red,candle,1.000,0.700,0.350,0.60,1.00,4.00,-0.263,0.603,1.771
world\lordaeron\scholomance\passivedoodads\candles\floorcandlesstraight02red,candle,1.000,0.700,0.350,0.60,1.00,4.00,-0.312,-1.122,1.909
world\lordaeron\scholomance\passivedoodads\candles\floorcandlesstraight04,candle,1.000,0.700,0.350,0.60,1.00,4.00,-0.233,-0.312,1.750
world\lordaeron\scholomance\passivedoodads\candles\floorcandlesstraight04,candle,1.000,0.700,0.350,0.60,1.00,4.00,-0.327,1.628,1.865
world\lordaeron\scholomance\passivedoodads\candles\floorcandlesstraight04,candle,1.000,0.700,0.350,0.60,1.00,4.00,-0.614,-1.529,2.354
world\lordaeron\scholomance\passivedoodads\candles\floorcandlesstraight04green,candle,0.400,1.000,0.350,0.60,1.00,4.00,-0.233,-0.312,1.750
world\lordaeron\scholomance\passivedoodads\candles\floorcandlesstraight04green,candle,0.400,1.000,0.350,0.60,1.00,4.00,-0.327,1.628,1.865
world\lordaeron\scholomance\passivedoodads\candles\floorcandlesstraight04green,candle,0.400,1.000,0.350,0.60,1.00,4.00,-0.614,-1.529,2.354
world\lordaeron\scholomance\passivedoodads\candles\floorcandlesstraight04red,candle,1.000,0.700,0.350,0.60,1.00,4.00,-0.233,-0.312,1.750
world\lordaeron\scholomance\passivedoodads\candles\floorcandlesstraight04red,candle,1.000,0.700,0.350,0.60,1.00,4.00,-0.327,1.628,1.865
world\lordaeron\scholomance\passivedoodads\candles\floorcandlesstraight04red,candle,1.000,0.700,0.350,0.60,1.00,4.00,-0.614,-1.529,2.354
world\lordaeron\scholomance\passivedoodads\candles\scholme_candelabra,candle,1.000,0.700,0.350,0.60,1.00,4.00,-0.007,-0.153,2.292
world\lordaeron\scholomance\passivedoodads\candles\scholme_candelabra,candle,1.000,0.700,0.350,0.60,1.00,4.00,-0.007,1.093,2.453
world\lordaeron\scholomance\passivedoodads\candles\scholme_candelabra,candle,1.000,0.700,0.350,0.60,1.00,4.00,0.006,-0.000,3.744
world\lordaeron\scholomance\passivedoodads\candles\scholme_candelabra,candle,1.000,0.700,0.350,0.60,1.00,4.00,0.023,0.008,6.292
world\lordaeron\scholomance\passivedoodads\candles\scholme_candelabra02,candle,1.000,0.700,0.350,0.60,1.00,4.00,-0.161,-0.548,4.925
world\lordaeron\scholomance\passivedoodads\candles\scholme_candelabra02,candle,1.000,0.700,0.350,0.60,1.00,4.00,0.008,0.319,5.471
world\lordaeron\scholomance\passivedoodads\candles\scholme_candelabra02,candle,1.000,0.700,0.350,0.60,1.00,4.00,0.053,0.123,4.035
world\lordaeron\scholomance\passivedoodads\candles\scholme_candelabra03,candle,1.000,0.700,0.350,0.60,1.00,4.00,0.036,0.063,5.538
world\lordaeron\scholomance\passivedoodads\candles\scholme_greencandelabra,candle,0.400,1.000,0.350,0.60,1.00,4.00,-0.007,-0.153,2.292
world\lordaeron\scholomance\passivedoodads\candles\scholme_greencandelabra,candle,0.400,1.000,0.350,0.60,1.00,4.00,-0.007,1.093,2.453
world\lordaeron\scholomance\passivedoodads\candles\scholme_greencandelabra,candle,0.400,1.000,0.350,0.60,1.00,4.00,0.006,-0.000,3.744
world\lordaeron\scholomance\passivedoodads\candles\scholme_greencandelabra,candle,0.400,1.000,0.350,0.60,1.00,4.00,0.023,0.008,6.292
world\lordaeron\scholomance\passivedoodads\candles\scholme_greencandelabra02,candle,0.400,1.000,0.350,0.60,1.00,4.00,-0.161,-0.548,4.925
world\lordaeron\scholomance\passivedoodads\candles\scholme_greencandelabra02,candle,0.400,1.000,0.350,0.60,1.00,4.00,0.008,0.319,5.471
world\lordaeron\scholomance\passivedoodads\candles\scholme_greencandelabra02,candle,0.400,1.000,0.350,0.60,1.00,4.00,0.055,0.124,4.073
world\lordaeron\scholomance\passivedoodads\candles\scholme_greencandelabra03,candle,0.400,1.000,0.350,0.60,1.00,4.00,0.036,0.063,5.538
world\lordaeron\scholomance\passivedoodads\candles\scholme_redcandelabra,candle,1.000,0.700,0.350,0.60,1.00,4.00,-0.007,-0.153,2.292
world\lordaeron\scholomance\passivedoodads\candles\scholme_redcandelabra,candle,1.000,0.700,0.350,0.60,1.00,4.00,-0.007,1.093,2.453
world\lordaeron\scholomance\passivedoodads\candles\scholme_redcandelabra,candle,1.000,0.700,0.350,0.60,1.00,4.00,0.006,-0.000,3.744
world\lordaeron\scholomance\passivedoodads\candles\scholme_redcandelabra,candle,1.000,0.700,0.350,0.60,1.00,4.00,0.023,0.008,6.292
world\lordaeron\scholomance\passivedoodads\candles\scholme_redcandelabra02,candle,1.000,0.700,0.350,0.60,1.00,4.00,-0.161,-0.548,4.925
world\lordaeron\scholomance\passivedoodads\candles\scholme_redcandelabra02,candle,1.000,0.700,0.350,0.60,1.00,4.00,0.008,0.319,5.471
world\lordaeron\scholomance\passivedoodads\candles\scholme_redcandelabra02,candle,1.000,0.700,0.350,0.60,1.00,4.00,0.055,0.124,4.073
world\lordaeron\scholomance\passivedoodads\candles\scholme_redcandelabra03,candle,1.000,0.700,0.350,0.60,1.00,4.00,0.036,0.063,5.538
world\lordaeron\scholomance\passivedoodads\chandelier\scholme_chandelier,chandelier,1.000,0.720,0.400,1.00,3.00,10.00,-0.030,-0.033,33.180
world\lordaeron\stratholme\activedoodads\furnace\furnace_skull01,hearth,1.000,0.450,0.150,1.00,2.00,8.00,-0.060,0.657,4.518
world\outland\passivedoodads\campfire\outlanddeadcampfire,campfire,1.000,0.500,0.180,1.20,3.00,10.00,0.234,-0.466,2.702
world\skillactivated\tradeskillenablers\blacksmithforge,hearth,1.000,0.450,0.150,1.00,2.00,8.00,-2.923,-0.005,3.752
world\skillactivated\tradeskillenablers\tradeskill_forge_01,hearth,1.000,0.450,0.150,1.00,2.00,8.00,1.004,-0.014,1.369
world\skillactivated\tradeskillenablers\tradeskill_forge_02,hearth,1.000,0.450,0.150,1.00,2.00,8.00,0.965,-1.062,0.459
world\skillactivated\tradeskillenablers\tradeskill_forge_03,hearth,1.000,0.450,0.150,1.00,2.00,8.00,-0.211,0.019,1.369
